MCW;1;1465200;0;SIMPLEX;1;1;END
MCW;2;1467300;12;WA3PBD;2;2;END
MCW;3;1454700;2;WA3PBD;3;2;END
MCW;4;1471200;20;W3OC;4;2;END
MCW;5;1468800;8;W3EXW;5;2;END
MCW;6;1470900;8;W3EXW;6;2;END
MCW;7;1466400;20;Skyview;7;2;END
MCW;8;1466100;20;Carrick;8;2;END
MCW;9;1469550;20;Mt Lebanon;9;2;END
MCW;10;1470300;18;Carnegie;10;2;END
MCW;11;1471800;20;Greensburg;11;2;END
MCW;12;1470450;20;Hopwood;12;2;END
MCW;13;1472250;20;W3PIE;13;2;END
MCW;14;1472700;20;Bentleyville;14;2;END
MCW;15;1472850;20;Scenery;15;2;END
MCW;16;1467900;18;Centerville;16;2;END
MCW;17;1454900;20;Washington;17;2;END
MCW;18;1467900;20;Washington;18;2;END
MCW;19;1473450;20;Washington;19;2;END
MCW;20;1470150;19;Mt Pleasant;20;2;END
MCW;21;1468950;20;Connells;21;2;END
MCW;22;1451700;20;Connells;22;2;END
MCW;23;1452900;20;Saxonburg;23;2;END
MCW;24;1466700;20;Acme;24;2;END
MCW;25;1473900;20;Burgettstown;25;2;END
MCW;26;1472400;20;Zelienople;26;2;END
MCW;27;1451500;20;Derry;27;2;END
MCW;28;1473600;20;Butler;28;2;END
MCW;29;1454100;28;Kittanning;29;2;END
MCW;30;1473150;20;Waynsburg;30;2;END
MCW;31;1454300;13;Morgantown;31;2;END
