MCW;1;4385000;18;LJ. CENT;680;2;END
MCW;2;1452000;0;V16;16;1;END
MCW;3;1452500;0;V20;20;1;END
MCW;4;1453000;0;V24;24;1;END
MCW;5;4334000;0;U272;272;1;END
MCW;6;4334500;0;U276;276;1;END
MCW;7;4335000;0;U280;280;1;END
MCW;8;1456875;4;ZAGARSKI ;55;2;END
MCW;9;1457000;18;MRZLICA;56;2;END
MCW;10;1457750;18;KRIM;62;2;END
MCW;11;4385500;18;ZAGARSKI;684;2;END
MCW;12;4386750;18;KRVAVEC;694;2;END
MCW;13;4387750;18;KRIM;702;2;END
MCW;14;4388750;18;JANCE;710;2;END
MCW;15;4391350;18;KUM;730;2;END
MCW;16;4391500;18;M. KOPA;732;2;END
MCW;17;4391750;18;SV. PLANIN;734;2;END
MCW;18;4392250;18;POHORJE;736;2;END
MCW;19;4392750;18;MRZLICA;742;2;END
