MCW;1;1465200;0;SIMPLEX;1;1;END
MCW;2;1467300;12;WA3PBD;2;2;END
MCW;3;1454700;2;WA3PBD;3;2;END
MCW;4;1471200;20;W3OC;4;3;END
MCW;5;1468800;8;W3EXW;5;2;END
MCW;6;1470900;8;W3EXW;6;3;END
MCW;7;1466400;20;Skyview;7;2;END
MCW;8;1466100;20;Carrick;8;2;END
MCW;9;1469550;20;Mt Lebanon;9;2;END
MCW;10;1470300;18;Carnegie;10;3;END
MCW;11;1471800;20;Greensburg;11;3;END
MCW;12;1470450;20;Hopwood;12;3;END
MCW;13;1472250;20;W3PIE;13;3;END
MCW;14;1472700;20;Bentleyville;14;3;END
MCW;15;1472850;20;Scenery;15;3;END
MCW;16;1467900;18;Centerville;16;2;END
MCW;17;1454900;20;Washington;17;2;END
MCW;18;1467900;20;Washington;18;2;END
MCW;19;1473450;20;Washington;19;3;END
MCW;20;1470150;19;Mt Pleasant;20;3;END
MCW;21;1468950;20;Connells;21;2;END
MCW;22;1451700;20;Connells;22;2;END
MCW;23;1452900;20;Saxonburg;23;2;END
MCW;24;1466700;20;Acme;24;2;END
MCW;25;1473900;20;Burgettstown;25;3;END
MCW;26;1472400;20;Zelienople;26;3;END
MCW;27;1451500;20;Derry;27;2;END
MCW;28;1473600;20;Butler;28;2;END
MCW;29;1454100;28;Kittanning;29;3;END
MCW;30;1473150;20;Waynsburg;30;2;END
MCW;31;1454300;13;Morgantown;31;3;END
MCW;32;1467000;26;E. Liverpool;32;2;END
MCW;33;1469400;18;Johnstown;33;2;END
MCW;34;1467150;15;Moundsville;34;2;END
MCW;35;1477750;0;E. Palistine;35;2;END
MCW;36;1452700;18;Meyersdale;36;2;END
MCW;37;1452100;0;St Clairsville;37;2;END
MCW;38;1466250;20;New Castle;38;2;END
MCW;39;1467000;28;Oakland 1;39;2;END
MCW;40;1468050;18;Oakland 2;40;2;END
